stationary_bool,computed_trend,computed_intercept,trend_unc,intercept_unc,r_sq,autocorr_max,lag_max,autocorr_min,lag_min,new_timedelta,snr_no_nans,snr_median_filter,approx_entropy,period,amplitude,phase,sin_rmse
False,2.0554801805000396,-9.207808011493302,0.02738728162906305,0.6319405846002206,0.9207238753199001,0.7214772598619376,30 days 00:00:00,-0.6072941784610995,180 days 00:00:00,30 days 00:00:00,1.2593471353817367,1.2865699692623997,0.4509709352843796,364 days 21:27:05.778354828,7.470999138016319,0.2551956262548972,4.548605517374809
